Video Kimliği,Oynatma Listesi Video Oluşturma Zaman Damgası
eEtP-x0vdco,2024-11-09T21:24:41+00:00
GoedWGQ4tHo,2024-11-03T23:05:33+00:00
QOo8peWMXNc,2024-09-19T04:12:15+00:00
WD77IP-FEeo,2024-09-17T23:38:51+00:00
AT_Eon4STrw,2024-09-16T20:22:29+00:00
WEsBQIpu774,2024-09-11T20:40:36+00:00
Oi5U0ozX2YA,2024-09-08T16:40:22+00:00
8w_w1PhvXOE,2024-09-07T21:36:25+00:00
HHP68XgL1y4,2024-09-06T22:12:15+00:00
tH1ty_gWIyA,2024-09-05T09:29:04+00:00
KgeUwObHV9Y,2024-08-31T20:04:38+00:00
RV0Mmp7qhSA,2024-08-28T02:08:16+00:00
Uyq66PLCvvY,2024-08-28T01:43:25+00:00
KPls7h_iaFg,2024-08-26T09:54:59+00:00
 -s2zQSVSRQM,2024-08-24T15:16:53+00:00
hXBgSCFOpPg,2024-08-22T08:42:32+00:00
2h7LmhFVkps,2024-08-14T23:15:23+00:00
5e7bf3hW6lE,2024-08-14T06:37:45+00:00
rxCaX-okL1s,2024-08-07T19:15:20+00:00
Lvgf5s4V1YA,2024-08-04T08:45:18+00:00
r4jhWmlcagE,2024-08-01T18:50:50+00:00
xcJW1ikSWF8,2024-07-29T20:30:00+00:00
ZForgGb2o_E,2024-07-29T20:20:35+00:00
w1iS0iiiMcA,2024-07-28T14:53:40+00:00
QcdtexuNWVw,2024-07-27T18:04:41+00:00
hmWXfjYwEFs,2024-07-26T10:41:54+00:00
k8UiXADOeAg,2024-07-26T01:01:42+00:00
gOROo6RTXdk,2024-07-19T21:34:30+00:00
OMu6OKF5Z1k,2024-07-16T08:07:03+00:00
aKsu112bzHE,2024-07-15T18:41:36+00:00
WtGE0Uz9zSE,2024-07-15T18:40:31+00:00
oMOgnSMcfM0,2024-07-15T18:38:45+00:00
VPdHzfxqDW8,2024-07-05T12:48:45+00:00
bTrZRyWwN3Y,2024-07-03T20:15:36+00:00
5MJreXhIHlo,2024-06-27T01:41:32+00:00
BGsTiTmjGeQ,2024-06-26T17:15:13+00:00
HMnQ62aH0qk,2024-06-22T23:45:21+00:00
Dtv9Xj5fvgs,2024-06-22T16:10:06+00:00
FESsFvx3BD8,2024-06-21T00:25:18+00:00
h1PxZFtSH2U,2024-04-13T15:08:59+00:00
PWq2-X9ucCs,2024-02-22T09:33:54+00:00
URa2Kv__VsE,2023-09-26T11:01:45+00:00
k0GQSJrpVhM,2023-09-12T11:30:35+00:00
g-nE-zrIhKc,2023-08-11T22:43:52+00:00
uM_PKLf4i-w,2023-07-22T22:58:59+00:00
aNvcUWTm9bk,2023-01-28T22:37:51+00:00
89uOGef1nzg,2022-08-28T21:32:09+00:00
WyQ54svYAJo,2022-08-22T23:28:23+00:00
BRy9rakj5rs,2022-08-22T18:37:05+00:00
ikkfuGeAfYg,2022-08-04T01:21:16+00:00
0nLIGzLOXgg,2022-07-20T20:30:21+00:00
3meLWmfzjAI,2022-05-07T20:37:55+00:00
wi_OrVeLNps,2022-05-05T02:25:47+00:00
lvM39_932GE,2022-04-19T11:09:59+00:00
Tz90j_vJmXA,2022-03-20T01:03:31+00:00
0u64USkth_U,2022-02-17T00:48:15+00:00
whhwyJwmSxk,2022-02-13T12:49:30+00:00
n_YEmjexBYg,2022-02-13T01:11:01+00:00
eivg05HyXcg,2022-02-11T00:35:57+00:00
EEwgRQSkPFs,2022-02-06T08:43:15+00:00
1z5FCi-XpHQ,2022-01-26T15:02:48+00:00
WXeDJBXZ_YE,2022-01-19T08:59:30+00:00
a5gUds01aXY,2022-01-14T18:34:33+00:00
LOY3QH_jOtE,2022-01-10T09:36:26+00:00
lbj5Wx8GP7o,2022-01-07T10:03:25+00:00
HzjE33U_gy8,2021-11-09T21:32:00+00:00
tBc8Qk1r0mU,2021-10-30T00:09:45+00:00
BauuYh3jxJc,2021-10-16T04:23:35+00:00
1luyAhAyiGw,2021-09-22T14:49:41+00:00
W0hfVoY8WGM,2021-09-03T14:20:45+00:00
H8lVu0NXplg,2021-09-02T11:07:01+00:00
V0id6F6SMZA,2021-08-29T07:09:06+00:00
ZDVl1dOZJ3k,2021-08-29T05:55:47+00:00
s_WgJSCtI5k,2021-08-27T16:14:55+00:00
I6_vwPT55gc,2021-08-22T21:52:45+00:00
7VvON3tqyxg,2021-08-16T23:15:09+00:00
gsSqfAKBOF8,2021-08-15T10:29:29+00:00
p0qMxFY29WA,2021-08-03T22:00:26+00:00
pLH7rCiAoWM,2021-08-02T08:45:34+00:00
27X9ULdyheg,2021-07-28T21:00:12+00:00
_sp5Ws-u8EU,2021-07-16T20:22:41+00:00
00cmt4vFZNQ,2021-07-14T10:41:48+00:00
ER0Cu0KQFqM,2021-07-13T18:58:45+00:00
q7M5jIiiXms,2021-07-13T14:49:15+00:00
gk0aZ6Ic9II,2021-07-05T10:44:11+00:00
m5a3RBPs6xs,2021-07-04T20:06:52+00:00
NxNQfP4e_Ro,2021-06-26T05:44:48+00:00
q2l_dMVmGms,2021-06-25T19:59:24+00:00
g5Q6fdcytj0,2021-06-25T06:58:17+00:00
mBv8wgKu1do,2021-06-24T23:35:02+00:00
1SF1rEUIXW0,2021-06-21T22:07:25+00:00
YIskdFZPvCo,2021-06-13T08:53:03+00:00
dzDJEJlLb5o,2021-06-12T21:48:40+00:00
OxrST5iUulc,2021-06-08T16:18:43+00:00
hc-mEXEumy0,2021-06-08T06:54:50+00:00
b5oM2gfFLx8,2021-05-30T16:37:11+00:00
DxxAwDHgQhE,2021-05-30T09:01:14+00:00
tj219mX6Bx8,2021-05-05T07:29:53+00:00
KglTE62rqmU,2021-04-07T12:12:29+00:00
_UzOyYynueQ,2021-04-06T18:28:51+00:00
r0bS4aWzk2w,2021-03-30T22:49:03+00:00
qoK34Nk4VMs,2021-03-25T12:35:13+00:00
764Qiu75K1Y,2021-03-20T06:50:40+00:00
E4QNHF3LSf8,2021-03-19T20:45:00+00:00
Ruo312KyxJ0,2021-03-19T20:18:25+00:00
mCmoqUqHGCk,2021-03-19T18:53:07+00:00
1BOL4hGUN8U,2021-02-25T21:48:50+00:00
AujO_bEbjFI,2021-02-11T16:40:03+00:00
xrISOQclg3A,2021-02-11T16:34:53+00:00
3PDhSMQNY_c,2021-02-10T16:43:12+00:00
XGXvDNaMwUA,2021-02-09T22:56:48+00:00
PvmdCyh3D2g,2021-02-06T19:50:47+00:00
PVjiKRfKpPI,2021-02-02T21:03:07+00:00
8-KNWOmWM1A,2021-01-28T22:01:36+00:00
HrQsGeKN6qk,2021-01-19T12:34:57+00:00
MQCXlwDTa-4,2021-01-14T20:31:57+00:00
cxl-necIvrA,2021-01-09T21:44:49+00:00
PCIfsxskC4c,2021-01-08T15:28:55+00:00
S_hnHSdh2Hw,2021-01-08T15:27:22+00:00
8Q1z0CMjKXc,2021-01-08T10:14:53+00:00
mNspxqZCh4k,2020-12-30T15:35:43+00:00
eHiH1NytwjM,2020-12-27T16:58:10+00:00
kF-KPuG8dgo,2020-12-19T23:54:44+00:00
LJ21SjyOXTQ,2020-12-18T17:19:51+00:00
XKKFGC3FiRI,2020-12-17T18:10:20+00:00
a9ZCrC81ufY,2020-12-15T13:07:48+00:00
fBfMNtxXACg,2020-12-01T19:04:31+00:00
HYSgdLRQhsg,2020-11-27T15:34:58+00:00
 -KthVH9cp8Q,2020-11-27T14:35:41+00:00
iPYfYiHios0,2020-11-25T19:23:48+00:00
NUVL2sB9NMg,2020-11-25T16:55:54+00:00
qYm83H5TOMM,2020-11-24T21:42:47+00:00
Fn40RI8ving,2020-11-23T12:10:56+00:00
NGAD7-P1iGQ,2020-11-22T18:38:49+00:00
zA2PfKRcm0g,2020-11-16T09:50:27+00:00
Ymr8scA0H68,2020-11-14T17:51:26+00:00
3yuCNuM5CSw,2020-11-12T17:36:39+00:00
Ei-WsxN3snk,2020-11-12T17:35:49+00:00
qNDJ344jHqQ,2020-11-11T21:29:21+00:00
DopLnLvvi0Y,2020-11-07T14:19:09+00:00
TbXh6I4w4Q4,2020-11-07T14:16:25+00:00
MkaxoJWOeeM,2020-11-03T14:58:54+00:00
d0DIj_ia2jA,2020-11-01T13:18:58+00:00
yR0DljHoWu8,2020-10-31T21:02:28+00:00
5DuRVp3S2Gc,2020-10-25T17:37:33+00:00
gGOMuIffC2k,2020-10-17T14:43:53+00:00
AvXMOD6QJiM,2020-10-17T14:43:48+00:00
g8z-qP34-1Y,2020-10-17T14:40:35+00:00
R92sVpuboQs,2020-10-16T16:09:34+00:00
TTeddtlsjHg,2020-10-12T13:05:51+00:00
yK7PsjTRfwY,2020-10-11T10:44:16+00:00
2sUKrok8x1M,2020-10-11T09:05:19+00:00
wePfbUetYJI,2020-10-09T15:29:31+00:00
cFpoG__dQU0,2020-10-09T15:22:20+00:00
cq_qeDq-X_0,2020-10-06T13:00:06+00:00
S1Onniy08AY,2020-10-06T12:51:32+00:00
N-aK6JnyFmk,2020-09-30T22:37:33+00:00
ElQIQMiYQOA,2020-09-30T22:30:02+00:00
1OesP4u1PUI,2020-09-28T17:01:31+00:00
yd8LbDE4FgU,2020-09-23T16:24:20+00:00
sWHmZQp93ok,2020-09-22T14:05:34+00:00
eK2ieqXpiDY,2020-09-19T20:38:22+00:00
OKGX7gQnxpc,2020-09-16T15:03:37+00:00
lZM-5SYr2Yk,2020-09-16T13:37:06+00:00
lZPUK1GdoTY,2020-09-14T19:17:08+00:00
fAu6wVwQ6RI,2020-09-12T13:09:14+00:00
PZgamsxGtiM,2020-09-06T08:48:15+00:00
skj-ALA1HFE,2020-09-05T20:13:02+00:00
 -EvvPZFdjyk,2020-09-05T09:53:31+00:00
xRe4dApxWi0,2020-09-02T14:54:21+00:00
eZ7szhZnwdE,2020-09-02T14:25:15+00:00
6mJOzYi0vYY,2020-09-02T14:25:09+00:00
VltnOFhAFu4,2020-08-31T22:29:30+00:00
o_XVt5rdpFY,2020-08-30T15:36:33+00:00
X5oD_thIk3c,2020-08-25T22:07:32+00:00
20-WnF0XwHA,2020-08-25T21:59:48+00:00
3NxUVjYjjzs,2020-08-25T17:34:59+00:00
fVr8sZ9Q5nQ,2020-08-23T18:24:55+00:00
MKd38G338Qw,2020-08-23T16:52:34+00:00
RahxrQAFOU0,2020-08-22T22:32:04+00:00
_IY1fNs0Tps,2020-08-22T22:27:13+00:00
W2o1BwDq9sQ,2020-08-22T16:58:44+00:00
abfQQ1hzN9M,2020-08-22T16:48:39+00:00
ZBdXqmQG04c,2020-08-22T09:21:47+00:00
lx-Zs8VXLpc,2020-08-09T18:17:34+00:00
JPoRdpDXdmw,2020-08-09T18:07:35+00:00
44WiEYFopes,2020-08-09T18:00:04+00:00
0fBhad-_zN8,2020-08-08T16:47:44+00:00
l4Z-QRZcHzk,2020-08-08T16:42:47+00:00
nDq9o9j3-CU,2020-08-03T20:02:48+00:00
iJH0mOcpCrk,2020-08-03T14:34:13+00:00
JO6_Ttzila8,2020-07-31T23:12:08+00:00
_N4DMW5NWsE,2020-07-27T19:08:36+00:00
23EIjQ4Nxnw,2020-07-27T18:56:23+00:00
nk4yD0HkCOk,2020-07-26T10:22:34+00:00
TQyHuZ5ht-0,2020-07-22T11:00:06+00:00
dxCqZHSxd2E,2020-07-20T14:51:36+00:00
GY3PSgDE-uQ,2020-07-15T22:10:00+00:00
O553zjNUgpQ,2020-07-15T14:30:30+00:00
A2ShHhuyZcc,2020-07-13T08:43:38+00:00
Z5vf4dF5BuI,2020-07-13T08:43:33+00:00
ddPcpM7r_KI,2020-07-11T22:30:43+00:00
Y87_SMEH9Gw,2020-07-11T22:11:18+00:00
8ZXBVLGocDc,2020-07-10T23:27:15+00:00
jLTFDtMTJdA,2020-07-09T19:11:20+00:00
v9-39rgMWeQ,2020-07-06T14:23:09+00:00
NiiIoCgOKPs,2020-07-03T17:51:48+00:00
qrO4YZeyl0I,2020-07-03T15:08:32+00:00
mxQ6CYX5iiQ,2020-06-18T08:09:26+00:00
LOUhN-eXjZ0,2020-05-27T22:16:56+00:00
E_q7rZJljKY,2020-05-25T13:21:54+00:00
c6D8JrAgiHo,2020-05-08T21:23:24+00:00
Uf5OI6877jU,2020-05-03T08:18:11+00:00
hp42pOvCTm4,2020-05-01T17:24:17+00:00
Fz5rlxFM9MQ,2020-04-28T13:30:50+00:00
077-_zV5i-E,2020-04-27T06:55:39+00:00
ldDbW7MRy1I,2020-04-26T22:44:38+00:00
QFdi95YTDys,2020-04-26T22:44:24+00:00
Ne5gy3AzOHY,2020-04-26T08:39:48+00:00
ZESWE3myVLk,2020-04-25T08:25:41+00:00
JK5OMjjAc8A,2020-04-24T08:11:07+00:00
MKlx1DLa9EA,2020-04-23T12:58:33+00:00
GTDfJE9gkBo,2020-04-22T08:52:30+00:00
Y130_d9Ax_s,2020-04-22T08:50:42+00:00
367veujwj_Y,2020-04-22T08:50:14+00:00
N-oERBst8L0,2020-04-18T23:24:49+00:00
9MHNZkKAuRY,2020-04-17T15:28:55+00:00
qp0HIF3SfI4,2020-04-15T12:03:32+00:00
OtNAHi8FVps,2020-03-08T21:09:39+00:00
ZhiAhNz8wlE,2020-03-07T08:44:52+00:00
NXAZKRdIUjE,2020-02-26T12:59:38+00:00
IeCY-jKpoZ0,2020-02-16T22:36:35+00:00
AfjzoZ9IbZw,2020-02-16T19:37:26+00:00
9MyD0GCOySQ,2020-02-16T13:59:29+00:00
Xcpc8VDsv3c,2020-02-15T22:20:41+00:00
sWp87GXDvEk,2020-02-15T06:58:14+00:00
ZNYmK19-d0U,2020-02-09T16:02:51+00:00
NxFkEj7KPC0,2020-02-08T14:54:17+00:00
xBes0eZYuUw,2020-02-04T13:09:20+00:00
F-ohkW13W54,2020-02-02T15:13:25+00:00
1A3MviZYT_8,2020-01-31T15:40:22+00:00
wfmNJygimAI,2020-01-29T23:00:36+00:00
EOLafh8DPFM,2020-01-26T22:54:44+00:00
GBRUa4TZqHk,2020-01-26T22:54:36+00:00
_uSJDq7VPrw,2020-01-25T15:17:32+00:00
l75pWR2uSqA,2020-01-21T22:04:48+00:00
iH1ZJVqJO3Y,2020-01-20T18:47:47+00:00
td_rcnRSOzk,2020-01-20T18:05:30+00:00
h4Qk6MAD1Yo,2020-01-15T21:13:29+00:00
khALLbGjOT0,2020-01-15T21:13:18+00:00
CuorsbghT5M,2020-01-10T18:48:52+00:00
taVTSCKq0mM,2020-01-05T05:48:54+00:00
I7WiYc8zT4Q,2020-01-05T05:48:50+00:00
V-Ng6wkuGSw,2019-12-30T19:55:44+00:00
nCwwVjPNloY,2019-12-29T12:03:21+00:00
rvrrMzJOTwI,2019-12-25T14:58:02+00:00
oWFRU-ula-A,2019-12-22T22:43:26+00:00
t00iZyGGHuQ,2019-12-19T14:56:21+00:00
fsNhU6H-16I,2019-12-18T17:40:47+00:00
Bi4cY5m15e0,2019-12-18T13:31:43+00:00
T1gzpEktyKo,2019-12-15T10:33:26+00:00
LA0_XCPPAkA,2019-12-13T12:48:03+00:00
IQk6hlCd7ig,2019-12-12T19:43:50+00:00
iZeHmnpnlhY,2019-12-05T14:33:21+00:00
XKuPfZpzEHg,2019-11-30T21:29:23+00:00
troxvPRmZm8,2019-11-29T13:47:28+00:00
ACGDaw_kYKM,2019-11-28T17:19:34+00:00
ODuEl4oNae0,2019-11-28T15:26:14+00:00
tBZbSiVCBCY,2019-11-25T23:21:38+00:00
HAZ3fg5OTYU,2019-11-25T14:35:45+00:00
aDuhajDgXYc,2019-11-25T12:05:15+00:00
vd6FLA19QDs,2019-11-24T04:25:56+00:00
BmFEoCFDi-w,2019-11-23T10:01:28+00:00
iOGHJMS0QT0,2019-11-23T07:00:32+00:00
A0bmGTLrAhY,2019-11-18T18:52:46+00:00
N42MQJX4KoY,2019-11-18T18:50:48+00:00
UIxvRkrG5bU,2019-11-18T18:47:28+00:00
schQZY3QjCw,2019-11-18T18:45:52+00:00
qPlVAj5uajA,2019-11-18T17:44:32+00:00
gVdY9KXF_Sg,2019-11-18T09:17:11+00:00
oFX1nbD3dV0,2019-11-17T16:16:27+00:00
2KomjThB7Bo,2019-11-16T08:39:53+00:00
OBuhE9eg0Z4,2019-11-14T20:15:50+00:00
uqwC41RDPyg,2019-11-09T19:40:59+00:00
Xyikqxmm4W0,2019-11-08T14:40:16+00:00
5ufU1lp6xt8,2019-11-06T21:58:21+00:00
ElSJb6CmS3c,2019-11-05T16:37:44+00:00
vHtBYzy5qWE,2019-11-03T16:20:22+00:00
W4FG6aKNVBE,2019-11-01T19:46:49+00:00
mXLEoiOHpdo,2019-11-01T12:38:19+00:00
pn-W0DVQw8Y,2019-10-31T19:47:30+00:00
Z_Mxjdrd7Sw,2019-10-31T19:36:21+00:00
HLbe5d0RZKw,2019-10-30T17:26:20+00:00
CURLWPCxe-c,2019-10-30T16:03:58+00:00
uHUREkt3yvA,2019-10-28T20:58:06+00:00
6JWIoCzPgJo,2019-10-18T19:44:04+00:00
rbzJTTDO9f4,2019-10-12T22:23:53+00:00
Sm_gIh_Lz1Q,2019-10-06T12:01:12+00:00
Y0iKFD_TQjw,2019-09-27T17:10:06+00:00
6kr_Hvw7Mmw,2019-09-27T13:08:33+00:00
c2ja_C_MAYM,2019-09-27T13:08:06+00:00
3tPMumaiwpY,2019-09-23T17:19:09+00:00
l7fyqpHKARg,2019-09-23T17:15:05+00:00
bVlTXIVCDSY,2019-09-21T16:45:39+00:00
rq_josCm754,2019-09-19T16:11:47+00:00
5A_DPhTdbCs,2019-09-18T17:38:32+00:00
yJ_mjVLeylk,2019-09-18T15:30:54+00:00
AxJubaijQbI,2019-09-17T21:16:08+00:00
dW4wpGg64pE,2019-09-16T19:58:25+00:00
_dLInIwl3t4,2019-09-15T14:38:16+00:00
kgepxyAAnps,2019-09-15T14:32:55+00:00
Bd7Ro738GKg,2019-09-15T14:29:40+00:00
cV7sxafvBgo,2019-09-11T19:31:11+00:00
lrYx7HaUlMY,2019-09-10T21:54:06+00:00
04ou60KpW0g,2019-09-07T22:46:19+00:00
wn_Ja4bwNBA,2019-09-07T20:59:00+00:00
91jULEOMuwI,2019-09-04T19:31:54+00:00
iQYxh28d13c,2019-09-04T18:13:08+00:00
YwAp3lngg_c,2019-09-04T18:12:33+00:00
9pTn8P05JBo,2019-09-04T16:55:46+00:00
J_W66hIfU4s,2019-09-04T13:07:48+00:00
um40nauAuvg,2019-08-29T12:53:15+00:00
HCG1petekXw,2019-08-28T23:08:56+00:00
CU7a8qp7h7Y,2019-08-28T16:59:04+00:00
9AThycGCakk,2019-08-27T22:40:54+00:00
QOpQf3fi2N4,2019-08-26T22:10:50+00:00
cqnWBglOPWU,2019-08-24T19:56:29+00:00
RygKx7H8vZ4,2019-08-21T17:05:11+00:00
LCeH19PIk8U,2019-08-21T08:28:30+00:00
OsYsal8qsJg,2019-08-19T20:33:21+00:00
Zq7QPnqLoUk,2019-08-17T23:23:45+00:00
Z9rNGZc4MNM,2019-08-17T23:23:36+00:00
JtZCp_VQbCA,2019-08-16T18:29:48+00:00
s5xXcMyeRDM,2019-08-16T18:22:04+00:00
Ul12lYL54Tc,2019-08-16T18:21:58+00:00
HNzY91nw2ak,2019-08-14T19:51:59+00:00
_biMtzAxiy0,2019-08-13T18:30:39+00:00
oAvqQIFQOgo,2019-08-09T23:06:23+00:00
3YaSDN_Rw_8,2019-08-07T22:38:02+00:00
Rn96HXDGbo0,2019-08-06T10:16:57+00:00
AIPF8mk1a4Q,2019-08-06T10:16:10+00:00
inmK766PeQI,2019-08-05T21:18:29+00:00
PPdE3rbqf_Q,2019-08-05T14:02:42+00:00
FlIZGkaxXks,2019-07-30T21:59:47+00:00
-2OnPCYMcNk,2019-07-26T07:38:00+00:00
FmhOqTsXtkU,2019-07-25T12:10:37+00:00
 -esD-o4XrJ0,2019-07-24T19:37:32+00:00
qlFbfbcznbQ,2019-07-24T16:51:06+00:00
vDvyjLcPMNc,2019-07-24T12:59:42+00:00
PxjUwanS650,2019-07-23T23:34:43+00:00
PdxPCeWw75k,2019-07-22T08:09:16+00:00
BhszZ53SEC8,2019-07-21T16:07:04+00:00
y1XXw9880uo,2019-07-19T19:37:28+00:00
AXugVpJORls,2019-07-19T19:37:18+00:00
iLvwuRGzJIA,2019-07-17T07:08:22+00:00
08t5lLDzIN8,2019-07-16T13:12:15+00:00
yYdhvjxXB64,2019-07-12T13:23:35+00:00
a5L4YCxc_5c,2019-07-12T09:28:05+00:00
VfSNNWnMuPQ,2019-07-12T00:19:41+00:00
Lui1To8e9fQ,2019-07-11T19:35:17+00:00
uK98jrF_0Og,2019-07-10T17:52:11+00:00
wWBJQfoWryM,2019-07-09T18:02:42+00:00
l9nGCJlDclQ,2019-07-04T20:54:32+00:00
g25sf_GmKaU,2019-07-04T15:26:20+00:00
2EH99Qudn78,2019-07-04T10:38:11+00:00
w0skBBssOQw,2019-07-03T16:27:51+00:00
e3RP6n8RNVc,2019-07-03T16:25:28+00:00
LnqaB3bh4hg,2019-07-03T16:14:32+00:00
tSH68tA2Pvo,2019-07-03T16:14:30+00:00
2V09C98Xt7Q,2019-07-01T20:51:22+00:00
ThXwcH3qZHQ,2019-06-30T14:48:36+00:00
JBdp0VL1jMg,2019-06-29T21:48:28+00:00
Cm0MGnuRnH0,2019-06-29T21:46:23+00:00
_pd6yO-jBRo,2019-06-26T22:58:59+00:00
_f6T8RxdFLw,2019-06-26T19:59:21+00:00
_vCpgt3sE70,2019-06-25T21:11:38+00:00
YR9T0sH1xH4,2019-06-24T10:04:54+00:00
UWSEkWjITQI,2019-06-23T17:27:26+00:00
6Jsp7ftnBBw,2019-06-23T15:45:25+00:00
ll9YG04fuF8,2019-06-23T11:10:26+00:00
h5jB7mGDvJk,2019-06-23T08:53:44+00:00
5s2nCm0a9Nc,2019-06-23T07:43:51+00:00
rJ_shDc-Tvk,2019-06-22T20:02:30+00:00
v3SJz48zROQ,2019-06-21T23:20:36+00:00
eQykB6U_8ck,2019-06-20T23:07:38+00:00
RA-2_y0jYYU,2019-06-20T22:41:31+00:00
LpynSb_Nwro,2019-06-20T21:13:13+00:00
DcAb4amiEQo,2019-06-18T23:54:08+00:00
I3gCREOwBUs,2019-06-18T23:28:32+00:00
AdLoHPBYiD8,2019-06-18T23:12:16+00:00
tRNjJDGTiMI,2019-06-18T21:34:40+00:00
VG48k6ZheY4,2019-06-18T21:34:00+00:00
KWqDrF6CDIQ,2019-06-18T20:42:56+00:00
5Ny_3fh0-LE,2019-06-18T20:42:49+00:00
RIaupf6e10o,2019-06-18T16:48:36+00:00
Kc5Jyvu28-E,2019-06-17T17:22:49+00:00
BGb6Gw86Xj8,2019-06-17T14:23:46+00:00
yUhRgnO8FtM,2019-06-17T14:08:18+00:00
DL22ByQ7rRo,2019-06-17T13:57:45+00:00
dIYqUcAwQkI,2019-06-13T13:10:55+00:00
 -z34BKlCr9o,2019-06-13T12:55:45+00:00
NdzJfiQSh7c,2019-06-13T12:54:46+00:00
inE0OiLg-Jk,2019-06-12T14:35:05+00:00
tzg13_hURCY,2019-06-11T21:05:52+00:00
gVEv0ZLs2lM,2019-06-11T18:19:08+00:00
WYo0K2VDeMY,2019-06-11T16:01:40+00:00
f5bBCWZB9Ng,2019-06-10T20:34:43+00:00
OzjjnwRVy58,2019-06-09T21:09:49+00:00
4P_83taoceE,2019-06-09T13:14:17+00:00
mSNTwQ1nFIA,2019-06-08T07:52:04+00:00
uuHong1tqi4,2019-06-07T17:29:39+00:00
eN9ce0EVD2o,2019-06-06T10:43:40+00:00
J_hyS68230A,2019-06-05T07:39:46+00:00
RKVPMp3PaSI,2019-06-04T20:04:40+00:00
6iHUKr5v41U,2019-05-30T16:40:00+00:00
8CdZkz_g7c4,2019-05-29T21:34:11+00:00
sFZTq4Ly2ME,2019-05-29T18:00:24+00:00
PjZInw1nOio,2019-05-28T19:16:04+00:00
o8cU2HAyhG4,2019-05-26T22:04:16+00:00
IsBA4VRx278,2019-05-26T21:02:51+00:00
Q610giI0sHg,2019-05-18T21:16:05+00:00
AjfU7onCxoo,2019-05-14T21:42:19+00:00
ADkj7entD7U,2019-05-14T20:47:31+00:00
7iQLtG6DopM,2019-05-14T20:47:24+00:00
4ndJbv17IhA,2019-05-13T15:13:59+00:00
ghyaZozA_bk,2019-05-11T20:40:29+00:00
pfvQIx8V14Q,2019-05-11T20:15:24+00:00
kADVcEtOUyY,2019-05-09T13:43:29+00:00
idj2BnbB_LU,2019-05-09T13:43:23+00:00
6OiiU6ggkkA,2019-05-08T17:08:59+00:00
4FkBziruxKY,2019-05-08T17:07:41+00:00
nvNPut3NGJM,2019-05-08T15:09:15+00:00
yHmbNa2Iflw,2019-05-08T15:08:39+00:00
T8VUuxImqao,2019-05-08T15:08:27+00:00
MAfvpOsGnJ8,2019-05-08T15:08:23+00:00
R-xG9TJ9cPg,2019-05-08T14:44:51+00:00
IxoW_fqF5AM,2019-05-08T14:44:29+00:00
EkbhYXeTvH0,2019-05-08T14:42:17+00:00
h12E3lyAAPQ,2019-05-08T14:42:13+00:00
MNJtA-Gc3v4,2019-05-07T22:16:40+00:00
 -XupB-NGMyo,2019-05-05T21:54:14+00:00
Z7_Qtqd6ZJw,2019-05-01T22:05:02+00:00
WS0xaSTvPQw,2019-03-14T20:57:04+00:00
MXtBcrgi5iA,2019-02-06T18:25:24+00:00
YBCxDtwuP9U,2019-01-19T11:02:55+00:00
kjRV9FzdQNk,2018-11-27T18:44:03+00:00
vcFOVtzVi5Q,2018-11-23T17:29:38+00:00
c4GT5rWXGgY,2018-11-19T14:06:49+00:00
77NEXFbuPoI,2018-11-15T14:55:56+00:00
Dyg012-nOGA,2018-11-15T14:55:18+00:00
5lPbNcJcNWw,2018-11-12T19:30:56+00:00
X8uPIquE5Oo,2018-11-07T14:59:28+00:00
uMCRxDIIBck,2018-11-07T14:49:01+00:00
TIENp8tjQ8M,2018-11-06T21:11:48+00:00
A22oy8dFjqc,2018-11-06T21:11:37+00:00
h7Kpu9YGvl8,2018-11-01T22:55:48+00:00
2NVvzRt8fTs,2018-10-30T15:03:42+00:00
q9qZveIjXp4,2018-10-27T21:49:42+00:00
r8Kipc2IRTA,2018-10-27T06:26:48+00:00
sn8ptplqQ38,2018-10-26T16:20:08+00:00
twNyvhFMzTk,2018-10-14T11:07:52+00:00
VyqPMo4S300,2018-10-12T21:02:51+00:00
ABch4VYOJZ0,2018-10-10T13:38:01+00:00
7eoDwvl0QGk,2018-09-22T12:00:49+00:00
uW0G6UDI-mE,2018-09-15T17:42:19+00:00
39FqnBLiQY0,2018-09-12T22:15:12+00:00
nyE8wJeCI3k,2018-09-05T15:21:36+00:00
p-G50q2ETso,2018-09-04T23:34:03+00:00
PXW7Tw7mEMI,2018-09-02T23:41:27+00:00
riwKuKSbFDs,2018-09-01T19:42:57+00:00
wUP93G4I67w,2018-09-01T19:40:29+00:00
gLrzMzD_yvw,2018-08-30T21:26:02+00:00
QkXeMoBPSDk,2018-08-11T17:35:47+00:00
6E4TOHGO0Ms,2018-08-05T17:31:56+00:00
q--6wtCPHg8,2018-08-02T23:36:24+00:00
g3vSYbT1Aco,2018-06-21T21:31:10+00:00
Da34jD92q3k,2018-04-18T17:30:50+00:00





