Kanal Kimliği,Kanal URL'si,Kanal Başlığı
UC-69vhXlCa3XHbF8JHCQHfg,http://www.youtube.com/channel/UC-69vhXlCa3XHbF8JHCQHfg,Aya Nakamura
UC-6XptgXNJETX5Obsm-Xzbw,http://www.youtube.com/channel/UC-6XptgXNJETX5Obsm-Xzbw,BigAntVideo
UC-B8dMkAhNNFwFrN1djLE1w,http://www.youtube.com/channel/UC-B8dMkAhNNFwFrN1djLE1w,Volkan Eren
UC-ZA3QN2nDmqOSujn8zvNjw,http://www.youtube.com/channel/UC-ZA3QN2nDmqOSujn8zvNjw,CreativeMornings HQ
UC-ZFVrf5NVlmgZ0hItLT0pg,http://www.youtube.com/channel/UC-ZFVrf5NVlmgZ0hItLT0pg,Comme une Française
UC-lHJZR3Gqxm24_Vd_AJ5Yw,http://www.youtube.com/channel/UC-lHJZR3Gqxm24_Vd_AJ5Yw,PewDiePie
UC-lh8H0PDk9mwG0qE3ouX1A,http://www.youtube.com/channel/UC-lh8H0PDk9mwG0qE3ouX1A,Jessica Kent
UC0biFgrMdkv1hFAFLVePODQ,http://www.youtube.com/channel/UC0biFgrMdkv1hFAFLVePODQ,Trixie Mattel
UC0fXeatqirkwNOLAhzl5P7A,http://www.youtube.com/channel/UC0fXeatqirkwNOLAhzl5P7A,MMandLShow
UC0k238zFx-Z8xFH0sxCrPJg,http://www.youtube.com/channel/UC0k238zFx-Z8xFH0sxCrPJg,Architectural Digest
UC0p5jTq6Xx_DosDFxVXnWaQ,http://www.youtube.com/channel/UC0p5jTq6Xx_DosDFxVXnWaQ,The Economist
UC11-q7KlYhNdXtugQCRmhDQ,http://www.youtube.com/channel/UC11-q7KlYhNdXtugQCRmhDQ,Ege & Senem
UC16niRr50-MSBwiO3YDb3RA,http://www.youtube.com/channel/UC16niRr50-MSBwiO3YDb3RA,BBC News
UC1nJzvNaB_ql4RHrzgozrQQ,http://www.youtube.com/channel/UC1nJzvNaB_ql4RHrzgozrQQ,READY TO GLARE
UC28FD2v19VZFryIjpvGIFLw,http://www.youtube.com/channel/UC28FD2v19VZFryIjpvGIFLw,Mixed Makeup
UC2Z2dg2peJp9iygjnt6YyiA,http://www.youtube.com/channel/UC2Z2dg2peJp9iygjnt6YyiA,Mary Jane
UC2mv2wEdsVY1Yt2OAQniz0g,http://www.youtube.com/channel/UC2mv2wEdsVY1Yt2OAQniz0g,Frenchy french
UC3_2Y8OTKzRN89VCwfXEL0Q,http://www.youtube.com/channel/UC3_2Y8OTKzRN89VCwfXEL0Q,Georges Brassens
UC3j0NBFog-U6h4g6RYXUkEw,http://www.youtube.com/channel/UC3j0NBFog-U6h4g6RYXUkEw,Hip Shake Fitness
UC4LADtN8xwppFydHUB1s5uA,http://www.youtube.com/channel/UC4LADtN8xwppFydHUB1s5uA,Cosmopolitan
UC4Z8kZhbLYOuEdegrBFO5fA,http://www.youtube.com/channel/UC4Z8kZhbLYOuEdegrBFO5fA,Pargalı İbrahim
UC588ivhdhn3UZhGfFRoGcNg,http://www.youtube.com/channel/UC588ivhdhn3UZhGfFRoGcNg,Nana Garcia
UC5_GAJHZqbpK76DFB0Mw_kA,http://www.youtube.com/channel/UC5_GAJHZqbpK76DFB0Mw_kA,Nina Bo'nina Brown
UC7IcJI8PUf5Z3zKxnZvTBog,http://www.youtube.com/channel/UC7IcJI8PUf5Z3zKxnZvTBog,The School of Life
UC7MgijK9WL_EqCo1juUERwg,http://www.youtube.com/channel/UC7MgijK9WL_EqCo1juUERwg,Don't Tell Comedy
UC8W65a0iLdNun2CEDJ8BbrA,http://www.youtube.com/channel/UC8W65a0iLdNun2CEDJ8BbrA,Caroline Cooper
UC8bEF1b1ulUUQKWCRiKZPVw,http://www.youtube.com/channel/UC8bEF1b1ulUUQKWCRiKZPVw,Jewel Fire Tarot
UC8hgx5hCiyDmO3UeBl95_1Q,http://www.youtube.com/channel/UC8hgx5hCiyDmO3UeBl95_1Q,KhanAcademyTurkce
UC8znPlMzmIIR5G1-GBmQCHA,http://www.youtube.com/channel/UC8znPlMzmIIR5G1-GBmQCHA,Night Club
UC9JMe_We017gYrRc7kZHgmg,http://www.youtube.com/channel/UC9JMe_We017gYrRc7kZHgmg,Show TV
UC9k6s1zbvtnIvF8eJcuVpzw,http://www.youtube.com/channel/UC9k6s1zbvtnIvF8eJcuVpzw,Totally Spies! Français
UC9pO2YNforRbdwKOh09djKA,http://www.youtube.com/channel/UC9pO2YNforRbdwKOh09djKA,Blank on Blank
UC9pVaOtZ8vdLBrlHu5xaaOA,http://www.youtube.com/channel/UC9pVaOtZ8vdLBrlHu5xaaOA,Paul Taylor - Canal Plus
UC9yudInUYzMh9H4gJs4DrHg,http://www.youtube.com/channel/UC9yudInUYzMh9H4gJs4DrHg,Butterfly Spanish
UCA8VUdED3_-blWQjH7TsPhg,http://www.youtube.com/channel/UCA8VUdED3_-blWQjH7TsPhg,Favorite Videos
UCAK21X4JZXPZxLZJKDhei1A,http://www.youtube.com/channel/UCAK21X4JZXPZxLZJKDhei1A,Joe Dassin
UCAXiruFb_LUYpbKx3WbiYYg,http://www.youtube.com/channel/UCAXiruFb_LUYpbKx3WbiYYg,Platt R.
UCArZ8Ms0KMyb2KrphNl2OnQ,http://www.youtube.com/channel/UCArZ8Ms0KMyb2KrphNl2OnQ,Helena Nista
UCAuUUnT6oDeKwE6v1NGQxug,http://www.youtube.com/channel/UCAuUUnT6oDeKwE6v1NGQxug,TED
UCBQZwaNPFfJ1gZ1fLZpAEGw,http://www.youtube.com/channel/UCBQZwaNPFfJ1gZ1fLZpAEGw,twenty one pilots
UCBcM2J8SHyq8GUSvrhWnwTg,http://www.youtube.com/channel/UCBcM2J8SHyq8GUSvrhWnwTg,Hocalara Geldik
UCCLCK8NeNXF8SHulVDXicMw,http://www.youtube.com/channel/UCCLCK8NeNXF8SHulVDXicMw,AVA LEE
UCCTuFofVWD9uORhQqgn-d7Q,http://www.youtube.com/channel/UCCTuFofVWD9uORhQqgn-d7Q,INA Société
UCC_JSfQlhrKeA_jNeqhLAiA,http://www.youtube.com/channel/UCC_JSfQlhrKeA_jNeqhLAiA,Robyn
UCCgLoMYIyP0U56dEhEL1wXQ,http://www.youtube.com/channel/UCCgLoMYIyP0U56dEhEL1wXQ,Chloe Ting
UCDu6XeqjGcSsT73vwzMcQrQ,http://www.youtube.com/channel/UCDu6XeqjGcSsT73vwzMcQrQ,Tammie Brown
UCE5NqkibXG8tTbz0Q0pydjw,http://www.youtube.com/channel/UCE5NqkibXG8tTbz0Q0pydjw,AKIN HOCA
UCEeg3sxrdiLHVBnqkBs3qFQ,http://www.youtube.com/channel/UCEeg3sxrdiLHVBnqkBs3qFQ,Sabahın Sultanı Seda Sayan
UCEyBnh-q5Mv_D0ySdKhxwGQ,http://www.youtube.com/channel/UCEyBnh-q5Mv_D0ySdKhxwGQ,The Wolf of Wall Street
UCF572T7F6ydlziihabFL8jA,http://www.youtube.com/channel/UCF572T7F6ydlziihabFL8jA,StreetFrench.org
UCFC8Vt3FY_7svm_SOBK5aIQ,http://www.youtube.com/channel/UCFC8Vt3FY_7svm_SOBK5aIQ,The Dick Cavett Show
UCFKE7WVJfvaHW5q283SxchA,http://www.youtube.com/channel/UCFKE7WVJfvaHW5q283SxchA,Yoga With Adriene
UCGie8GMlUo3kBKIopdvumVQ,http://www.youtube.com/channel/UCGie8GMlUo3kBKIopdvumVQ,Still Watching Netflix
UCGt7sREYlhAVbvxJaeg_aGA,http://www.youtube.com/channel/UCGt7sREYlhAVbvxJaeg_aGA,Violet Chachki
UCH58I5CfQGDuWpI-kn4kbmA,http://www.youtube.com/channel/UCH58I5CfQGDuWpI-kn4kbmA,Catie Turner
UCHC3My17J2Gm22nKZd75UBg,http://www.youtube.com/channel/UCHC3My17J2Gm22nKZd75UBg,Insta Language Online
UCHCJGsaPBB-yhCpoWtwOZFA,http://www.youtube.com/channel/UCHCJGsaPBB-yhCpoWtwOZFA,Gerçek Gündem TV
UCHSjpyIJQjFUkm8qNBOAqlA,http://www.youtube.com/channel/UCHSjpyIJQjFUkm8qNBOAqlA,Twin Bilim
UCHl8s8mIsjWcVufQkzo_1Cg,http://www.youtube.com/channel/UCHl8s8mIsjWcVufQkzo_1Cg,AMES
UCI2aWCbAUZDzZZ5a5GDtRew,http://www.youtube.com/channel/UCI2aWCbAUZDzZZ5a5GDtRew,Kelela
UCIEv3lZ_tNXHzL3ox-_uUGQ,http://www.youtube.com/channel/UCIEv3lZ_tNXHzL3ox-_uUGQ,Gordon Ramsay
UCIIW_IeiU_cHTV36opGHNag,http://www.youtube.com/channel/UCIIW_IeiU_cHTV36opGHNag,Elena Gabrielle
UCISg6B0UZg0zcUN6jkoDLNw,http://www.youtube.com/channel/UCISg6B0UZg0zcUN6jkoDLNw,ゆうか（Yuuka Sagawa）
UCJFp8uSYCjXOMnkUyb3CQ3Q,http://www.youtube.com/channel/UCJFp8uSYCjXOMnkUyb3CQ3Q,Tasty
UCJZDx3z7sMvMU3Z68guQABw,http://www.youtube.com/channel/UCJZDx3z7sMvMU3Z68guQABw,Anncy Twinkle
UCJhnlRY-oKpanPGSvL8Ml8Q,http://www.youtube.com/channel/UCJhnlRY-oKpanPGSvL8Ml8Q,Learn Chinese with ChineseClass101.com
UCJjGUxqIHzezR0DUTfgL0Ew,http://www.youtube.com/channel/UCJjGUxqIHzezR0DUTfgL0Ew,Simple Soda
UCJjSDX-jUChzOEyok9XYRJQ,http://www.youtube.com/channel/UCJjSDX-jUChzOEyok9XYRJQ,Jubilee
UCJruTcTs7Gn2Tk7YC-ENeHQ,http://www.youtube.com/channel/UCJruTcTs7Gn2Tk7YC-ENeHQ,Golden Moustache (M6)
UCK3inMNRNAVUleEbpDU1k2g,http://www.youtube.com/channel/UCK3inMNRNAVUleEbpDU1k2g,SEB
UCK6TzBHhEUCKa6dgjlsVHEw,http://www.youtube.com/channel/UCK6TzBHhEUCKa6dgjlsVHEw,Learn French With Alexa
UCKijjvu6bN1c-ZHVwR7-5WA,http://www.youtube.com/channel/UCKijjvu6bN1c-ZHVwR7-5WA,BuzzFeed Unsolved Network
UCLT3CTa1uhry4IgHu9fhBAw,http://www.youtube.com/channel/UCLT3CTa1uhry4IgHu9fhBAw,Master Of BlackJack Channel 2
UCNIeTHn2TtiO8J8W3GO60Fw,http://www.youtube.com/channel/UCNIeTHn2TtiO8J8W3GO60Fw,Derya Karadeniz Cunningham
UCNepEAWZH0TBu7dkxIbluDw,http://www.youtube.com/channel/UCNepEAWZH0TBu7dkxIbluDw,"Dad, how do I?"
UCOpcACMWblDls9Z6GERVi1A,http://www.youtube.com/channel/UCOpcACMWblDls9Z6GERVi1A,Screen Junkies
UCPN-oMe_DSwCQw5y-HFuHsQ,http://www.youtube.com/channel/UCPN-oMe_DSwCQw5y-HFuHsQ,Aşk-ı Memnu
UCPUuVY7w8brL0r__P8UBgyQ,http://www.youtube.com/channel/UCPUuVY7w8brL0r__P8UBgyQ,Christopher Lum
UCQQ5UXpimsgkX2g8kxI6agA,http://www.youtube.com/channel/UCQQ5UXpimsgkX2g8kxI6agA,Tori Amos
UCQfakletOMk9zXVRSHUdyDA,http://www.youtube.com/channel/UCQfakletOMk9zXVRSHUdyDA,Solange te parle
UCQzdMyuz0Lf4zo4uGcEujFw,http://www.youtube.com/channel/UCQzdMyuz0Lf4zo4uGcEujFw,GameofThrones
UCRXiA3h1no_PFkb1JCP0yMA,http://www.youtube.com/channel/UCRXiA3h1no_PFkb1JCP0yMA,Vogue
UCRfLDCtkSwmTdwHrbmC78Xg,http://www.youtube.com/channel/UCRfLDCtkSwmTdwHrbmC78Xg,Kızılcık Şerbeti
UCRlhcfR8z_TF_Q2d4RmEHgg,http://www.youtube.com/channel/UCRlhcfR8z_TF_Q2d4RmEHgg,My Travel Project
UCRmkL-fady5fXZA02G9bVZQ,http://www.youtube.com/channel/UCRmkL-fady5fXZA02G9bVZQ,solar sound
UCSFOKAV8I9P--bxtpvOVi6Q,http://www.youtube.com/channel/UCSFOKAV8I9P--bxtpvOVi6Q,Pisagor Okulu
UCSpVHeDGr9UbREhRca0qwsA,http://www.youtube.com/channel/UCSpVHeDGr9UbREhRca0qwsA,Howcast
UCTkC3Jt91QkqNAE4FGWkEIQ,http://www.youtube.com/channel/UCTkC3Jt91QkqNAE4FGWkEIQ,The Royal Family
UCTt2AnK--mnRmICnf-CCcrw,http://www.youtube.com/channel/UCTt2AnK--mnRmICnf-CCcrw,Kevin Tran 陈科伟
UCU-GALvB9sZ3uZGPDdyrzRQ,http://www.youtube.com/channel/UCU-GALvB9sZ3uZGPDdyrzRQ,ÇUBUK Animasyon
UCUIBkpuyXKU4B6dFv32LpRg,http://www.youtube.com/channel/UCUIBkpuyXKU4B6dFv32LpRg,Julia Zelg
UCUUUpaMp8DV6KUOfQwoIiLg,http://www.youtube.com/channel/UCUUUpaMp8DV6KUOfQwoIiLg,WOWPresents
UCUZzyuAlhHNP3oiuMjn7RfQ,http://www.youtube.com/channel/UCUZzyuAlhHNP3oiuMjn7RfQ,Kitchen Nightmares
UCUcVZfL2qxHj9mMj7K062CQ,http://www.youtube.com/channel/UCUcVZfL2qxHj9mMj7K062CQ,WDD1551
UCUk7ggDv7Ts3n4443vnB_xA,http://www.youtube.com/channel/UCUk7ggDv7Ts3n4443vnB_xA,denkleinrider
UCUqqHQ4OWhcNma2ZSQunHFw,http://www.youtube.com/channel/UCUqqHQ4OWhcNma2ZSQunHFw,TheQuickSlice
UCVI-gmqb3PhWwecTigx8P7Q,http://www.youtube.com/channel/UCVI-gmqb3PhWwecTigx8P7Q,Rina Sawayama
UCVTQuK2CaWaTgSsoNkn5AiQ,http://www.youtube.com/channel/UCVTQuK2CaWaTgSsoNkn5AiQ,HBO
UCVU86dOI3dZVjQtQZ2yuOOQ,http://www.youtube.com/channel/UCVU86dOI3dZVjQtQZ2yuOOQ,Fizik Makinesi
UCW2vbCj31ktnvM4vANi-TNQ,http://www.youtube.com/channel/UCW2vbCj31ktnvM4vANi-TNQ,La Ferme Jerome
UCW5ncBWqvyyUYo1evh1iFCA,http://www.youtube.com/channel/UCW5ncBWqvyyUYo1evh1iFCA,Amberlynn Reid
UCWLeVMTnKfYHjCmZ-qcewHA,http://www.youtube.com/channel/UCWLeVMTnKfYHjCmZ-qcewHA,Antonio the Optometrist
UCWPuCBWzfTIP3N4m8BNcRgA,http://www.youtube.com/channel/UCWPuCBWzfTIP3N4m8BNcRgA,Grindr
UCXF0YCBWewAj3RytJUAivGA,http://www.youtube.com/channel/UCXF0YCBWewAj3RytJUAivGA,Stromae
UCXapBbZyOgvYwOlqYzf8dhg,http://www.youtube.com/channel/UCXapBbZyOgvYwOlqYzf8dhg,Hugo Tout Seul
UCY26xU0-avwTJ6F6TzUZVEw,http://www.youtube.com/channel/UCY26xU0-avwTJ6F6TzUZVEw,Peacock Kids
UCYLR1ghzYNyvfjw78raCuxA,http://www.youtube.com/channel/UCYLR1ghzYNyvfjw78raCuxA,Dr. Phil
UCYUQQgogVeQY8cMQamhHJcg,http://www.youtube.com/channel/UCYUQQgogVeQY8cMQamhHJcg,CinemaSins
UCYbTBUv-B8KtZ03Ll6ZvZvg,http://www.youtube.com/channel/UCYbTBUv-B8KtZ03Ll6ZvZvg,Movies & Series
UCYbrF2-PsN4_vAkRdYjRwNQ,http://www.youtube.com/channel/UCYbrF2-PsN4_vAkRdYjRwNQ,AOK
UCYeF244yNGuFefuFKqxIAXw,http://www.youtube.com/channel/UCYeF244yNGuFefuFKqxIAXw,The Royal Institution
UCZ8kV8vuMdDLSerCIFfWnFQ,http://www.youtube.com/channel/UCZ8kV8vuMdDLSerCIFfWnFQ,Studio Bagel
UCZOTpyU5XoYpSufccdOR3PQ,http://www.youtube.com/channel/UCZOTpyU5XoYpSufccdOR3PQ,Fikir Hocam
UCZVuYNPeWPfSddgIcwyP2pA,http://www.youtube.com/channel/UCZVuYNPeWPfSddgIcwyP2pA,Chansons Françaises paroles
UCZwegPHTG4gvnR0WLzaq5OQ,http://www.youtube.com/channel/UCZwegPHTG4gvnR0WLzaq5OQ,Learn German with Anja
UCZy0-5YHgLpzgT-biGtJgJg,http://www.youtube.com/channel/UCZy0-5YHgLpzgT-biGtJgJg,PommeMusic
UC_vz6SvmIkYs1_H3Wv2SKlg,http://www.youtube.com/channel/UC_vz6SvmIkYs1_H3Wv2SKlg,IMDb
UC_znAZirr11Q5bPrdhKVLZQ,http://www.youtube.com/channel/UC_znAZirr11Q5bPrdhKVLZQ,MasterChef World
UCadtap8RYMNy8w4K9lXhzpQ,http://www.youtube.com/channel/UCadtap8RYMNy8w4K9lXhzpQ,Barbie
UCaeT58uDMlPpBlwAYaxN0LA,http://www.youtube.com/channel/UCaeT58uDMlPpBlwAYaxN0LA,Learn German
UCakQLdwrxuo0KhJ49Sq2csA,http://www.youtube.com/channel/UCakQLdwrxuo0KhJ49Sq2csA,Disney FR
UCb-vZWBeWA5Q2818JmmJiqQ,http://www.youtube.com/channel/UCb-vZWBeWA5Q2818JmmJiqQ,Oscars
UCb8vrqP8Z7Oz9ZTYvUtjUHQ,http://www.youtube.com/channel/UCb8vrqP8Z7Oz9ZTYvUtjUHQ,Daniel LaBelle
UCbaGn5VkOVlcRgIWAHcrJKA,http://www.youtube.com/channel/UCbaGn5VkOVlcRgIWAHcrJKA,Cut
UCctXZhXmG-kf3tlIXgVZUlw,http://www.youtube.com/channel/UCctXZhXmG-kf3tlIXgVZUlw,GaryVee
UCcyq283he07B7_KUX07mmtA,http://www.youtube.com/channel/UCcyq283he07B7_KUX07mmtA,Business Insider
UCdHUj7HD3t5AZ2OTO43Qiaw,http://www.youtube.com/channel/UCdHUj7HD3t5AZ2OTO43Qiaw,Laci Fay The Vintage Girl Next Door
UCdJAxOAT62RkCI7s7X8S8WA,http://www.youtube.com/channel/UCdJAxOAT62RkCI7s7X8S8WA,RunnerEye
UCdSmJLd4X9qZkwO51qBU9NA,http://www.youtube.com/channel/UCdSmJLd4X9qZkwO51qBU9NA,Learn French with a French Dude
UCdtXPiqI2cLorKaPrfpKc4g,http://www.youtube.com/channel/UCdtXPiqI2cLorKaPrfpKc4g,Entertainment Tonight
UCdtpC6cmNhVH1i5w6QCzOUw,http://www.youtube.com/channel/UCdtpC6cmNhVH1i5w6QCzOUw,Jason Billam Travel
UCfEJUzPnT-HdNqOqdX3A0lA,http://www.youtube.com/channel/UCfEJUzPnT-HdNqOqdX3A0lA,Steve the Bartender
UCfwx98Wty7LhdlkxL5PZyLA,http://www.youtube.com/channel/UCfwx98Wty7LhdlkxL5PZyLA,truly
UCgCudMsK-kxYxB2RgiS3bzQ,http://www.youtube.com/channel/UCgCudMsK-kxYxB2RgiS3bzQ,TBS
UCgOBQxVfZhfr8A0i1r7-01w,http://www.youtube.com/channel/UCgOBQxVfZhfr8A0i1r7-01w,Ritchie Blackmore's Rainbow
UCgPClNr5VSYC3syrDUIlzLw,http://www.youtube.com/channel/UCgPClNr5VSYC3syrDUIlzLw,Adult Swim
UCgRNxP8Pd_HdiWuin1zf6rg,http://www.youtube.com/channel/UCgRNxP8Pd_HdiWuin1zf6rg,Kylie Minogue
UCgRQHK8Ttr1j9xCEpCAlgbQ,http://www.youtube.com/channel/UCgRQHK8Ttr1j9xCEpCAlgbQ,Variety
UCgZsjIt5-dDQyVbNnWdvssQ,http://www.youtube.com/channel/UCgZsjIt5-dDQyVbNnWdvssQ,Kız Başına
UChFsYLqPUyLiZnfRog6wiZA,http://www.youtube.com/channel/UChFsYLqPUyLiZnfRog6wiZA,This Morning
UChXHr9AfAQClutnpeqR8QVQ,http://www.youtube.com/channel/UChXHr9AfAQClutnpeqR8QVQ,Sleeping Vibrations
UChY5UMP34wPy_lHsG_eeyaw,http://www.youtube.com/channel/UChY5UMP34wPy_lHsG_eeyaw,Léo Ferré
UCi4staQRxUT8y9W9k4lZ38w,http://www.youtube.com/channel/UCi4staQRxUT8y9W9k4lZ38w,Nisan Hakan
UCiHpAuDVzGDIEA_Ggn1I2RQ,http://www.youtube.com/channel/UCiHpAuDVzGDIEA_Ggn1I2RQ,Mazzy Star
UCiKGMZZmZXK-RpbKJGXgH3Q,http://www.youtube.com/channel/UCiKGMZZmZXK-RpbKJGXgH3Q,Access Hollywood
UCiMhD4jzUqG-IgPzUmmytRQ,http://www.youtube.com/channel/UCiMhD4jzUqG-IgPzUmmytRQ,Queen Official
UCiYvXqOdBsj6huXVfHAVBww,http://www.youtube.com/channel/UCiYvXqOdBsj6huXVfHAVBww,ilknur uluğ
UCijVIIfFzspulKc7yWA2Qhg,http://www.youtube.com/channel/UCijVIIfFzspulKc7yWA2Qhg,Friends
UCj1TuVcU3PSaFTYWB_M75gg,http://www.youtube.com/channel/UCj1TuVcU3PSaFTYWB_M75gg,Kane Will
UCj4PxzfWBNV9vIdEPkglrrg,http://www.youtube.com/channel/UCj4PxzfWBNV9vIdEPkglrrg,FoundationINTERVIEWS
UCj5J54jM9hg8UKX1AyDE2Xw,http://www.youtube.com/channel/UCj5J54jM9hg8UKX1AyDE2Xw,Blackmore's Night
UCkJmy-mc0xUNYT6Udtn0gVA,http://www.youtube.com/channel/UCkJmy-mc0xUNYT6Udtn0gVA,Ruby R
UCkRY4J8G__K8SEWZRLbke-Q,http://www.youtube.com/channel/UCkRY4J8G__K8SEWZRLbke-Q,Muhteşem Yüzyıl
UCl-9zNbOj_MYbbJaYFLwMzA,http://www.youtube.com/channel/UCl-9zNbOj_MYbbJaYFLwMzA,Yaşlı Amca
UCl0Pjeqlj9Ort2LVqP_2Ilw,http://www.youtube.com/channel/UCl0Pjeqlj9Ort2LVqP_2Ilw,ImprovBroadway
UClBrbJXNh2sFxOuvH4o5H9g,http://www.youtube.com/channel/UClBrbJXNh2sFxOuvH4o5H9g,lingoni GERMAN
UClJdzzBfsWxwoOiZ5sH9TUQ,http://www.youtube.com/channel/UClJdzzBfsWxwoOiZ5sH9TUQ,Murat Soner Español
UClxGOb7Va-abkPTxsJNzJRA,http://www.youtube.com/channel/UClxGOb7Va-abkPTxsJNzJRA,L'atelier des Chefs
UCmLMXHTbUD-xtbPjW3Z0Qwg,http://www.youtube.com/channel/UCmLMXHTbUD-xtbPjW3Z0Qwg,Benito Skinner
UCmoUgBTHRydApyOeqlDF1oQ,http://www.youtube.com/channel/UCmoUgBTHRydApyOeqlDF1oQ,Cher
UCnNkVrSeRNxo1UzRFmQiC4g,http://www.youtube.com/channel/UCnNkVrSeRNxo1UzRFmQiC4g,Raven's Arcana
UCnmGIkw-KdI0W5siakKPKog,http://www.youtube.com/channel/UCnmGIkw-KdI0W5siakKPKog,Ryan Trahan
UCntxIE8FKow3FbWG-BCApeQ,http://www.youtube.com/channel/UCntxIE8FKow3FbWG-BCApeQ,cuoredicioccolato
UCoLQZ4ZClFqVPCvvjuiUSRA,http://www.youtube.com/channel/UCoLQZ4ZClFqVPCvvjuiUSRA,문복희 Eat with Boki
UCoUWq2QawqdC3-nRXKk-JUw,http://www.youtube.com/channel/UCoUWq2QawqdC3-nRXKk-JUw,Easy French
UCoa0zUi5xLRm0TXo9Avqf5g,http://www.youtube.com/channel/UCoa0zUi5xLRm0TXo9Avqf5g,Jimmy Fowlie
UCoc_XJPj6YLMQDWtPDQcDtA,http://www.youtube.com/channel/UCoc_XJPj6YLMQDWtPDQcDtA,Brad Mondo
UCodkb-qBktJI5NrUsPYpf7g,http://www.youtube.com/channel/UCodkb-qBktJI5NrUsPYpf7g,Jordan B Peterson Clips
UCpB959t8iPrxQWj7G6n0ctQ,http://www.youtube.com/channel/UCpB959t8iPrxQWj7G6n0ctQ,SSSniperWolf
UCpUBuSn_Io93AMpOSw88afQ,http://www.youtube.com/channel/UCpUBuSn_Io93AMpOSw88afQ,guy jones
UCpVm7bg6pXKo1Pr6k5kxG9A,http://www.youtube.com/channel/UCpVm7bg6pXKo1Pr6k5kxG9A,National Geographic
UCpWA0zogY0ciBcdkK-hn_yQ,http://www.youtube.com/channel/UCpWA0zogY0ciBcdkK-hn_yQ,Lyrical
UCphTF9wHwhCt-BzIq-s4V-g,http://www.youtube.com/channel/UCphTF9wHwhCt-BzIq-s4V-g,What If
UCpi-4daExRSchtsJzO06rwA,http://www.youtube.com/channel/UCpi-4daExRSchtsJzO06rwA,Quotidien
UCpi8TJfiA4lKGkaXs__YdBA,http://www.youtube.com/channel/UCpi8TJfiA4lKGkaXs__YdBA,The Try Guys
UCpko_-a4wgz2u_DgDgd9fqA,http://www.youtube.com/channel/UCpko_-a4wgz2u_DgDgd9fqA,BuzzFeedVideo
UCqFzWxSCi39LnW1JKFR3efg,http://www.youtube.com/channel/UCqFzWxSCi39LnW1JKFR3efg,Saturday Night Live
UCqNxhPZoLJ81i5QaK4nqn8A,http://www.youtube.com/channel/UCqNxhPZoLJ81i5QaK4nqn8A,Cigarettes After Sex
UCqWx5OyAZtk1fngM7SsnS0g,http://www.youtube.com/channel/UCqWx5OyAZtk1fngM7SsnS0g,Lilo TV
UCqZ8IpRdoyQ3Qj0ogpUniAA,http://www.youtube.com/channel/UCqZ8IpRdoyQ3Qj0ogpUniAA,The Cooking Foodie
UCqaeqHOUaqgyUdSjaifU8dg,http://www.youtube.com/channel/UCqaeqHOUaqgyUdSjaifU8dg,soon Medya
UCqcBu0YyEJH4vfKR--97cng,http://www.youtube.com/channel/UCqcBu0YyEJH4vfKR--97cng,Easy Languages
UCqeXB2WsPdzcdCdP-bUc52g,http://www.youtube.com/channel/UCqeXB2WsPdzcdCdP-bUc52g,Fast Company
UCqf_rFCGLODeUcw3p_Abr-A,http://www.youtube.com/channel/UCqf_rFCGLODeUcw3p_Abr-A,Tastemade
UCr4XD4uDYmygyfzKQ7Vpl8A,http://www.youtube.com/channel/UCr4XD4uDYmygyfzKQ7Vpl8A,French Circles Songs with Subtitles
UCrE5s-_YN1yNSNSRUeR17DA,http://www.youtube.com/channel/UCrE5s-_YN1yNSNSRUeR17DA,AnlatHocam
UCrO9hj5VqGJufBlVJy-8D1g,http://www.youtube.com/channel/UCrO9hj5VqGJufBlVJy-8D1g,willam belli
UCrTC0tOY5aujQFYDRf65xiw,http://www.youtube.com/channel/UCrTC0tOY5aujQFYDRf65xiw,Alanis Morissette
UCrrhJmM3H7eyxrevc4lpRIw,http://www.youtube.com/channel/UCrrhJmM3H7eyxrevc4lpRIw,The Pretty Reckless
UCs-e7ayRI75k-i617JkCrpA,http://www.youtube.com/channel/UCs-e7ayRI75k-i617JkCrpA,Ina Culture
UCs-elHIUZwtkeR5WPEdZKqA,http://www.youtube.com/channel/UCs-elHIUZwtkeR5WPEdZKqA,Yumi Tube
UCsLF0qPTpkYKq81HsjgzhwQ,http://www.youtube.com/channel/UCsLF0qPTpkYKq81HsjgzhwQ,growingannanas
UCsT0YIqwnpJCM-mx7-gSA4Q,http://www.youtube.com/channel/UCsT0YIqwnpJCM-mx7-gSA4Q,TEDx Talks
UCsooa4yRKGN_zEE8iknghZA,http://www.youtube.com/channel/UCsooa4yRKGN_zEE8iknghZA,TED-Ed
UCtI6_1vGanPlH5lgVIDjJGQ,http://www.youtube.com/channel/UCtI6_1vGanPlH5lgVIDjJGQ,MrAntoineDaniel
UCtihF1ZtlYVzoaj_bKLQZ-Q,http://www.youtube.com/channel/UCtihF1ZtlYVzoaj_bKLQZ-Q,Natoo
UCu4XcDBdnZkV6-5z2f16M0g,http://www.youtube.com/channel/UCu4XcDBdnZkV6-5z2f16M0g,Real Stories
UCuGuRQHrvoNsD-AolV0X39g,http://www.youtube.com/channel/UCuGuRQHrvoNsD-AolV0X39g,Dolly Parton
UCuaFvcY4MhZY3U43mMt1dYQ,http://www.youtube.com/channel/UCuaFvcY4MhZY3U43mMt1dYQ,Walt Disney Studios
UCuah4Tfwnk2UiEOOQihQryw,http://www.youtube.com/channel/UCuah4Tfwnk2UiEOOQihQryw,Sunny Su
UCuiK2XdDcyAd7TS9ioMqx6A,http://www.youtube.com/channel/UCuiK2XdDcyAd7TS9ioMqx6A,Logo
UCurRe8BIpPo72lxuJTjIB7w,http://www.youtube.com/channel/UCurRe8BIpPo72lxuJTjIB7w,M2M – Made To Measure
UCusr-Yp_hORzK6JrrZx-xsQ,http://www.youtube.com/channel/UCusr-Yp_hORzK6JrrZx-xsQ,YBF
UCv-dWUixyWPVcmXB250ULRQ,http://www.youtube.com/channel/UCv-dWUixyWPVcmXB250ULRQ,Spanish Playground
UCv7YFWATebnJ1ty4cwMKgsQ,http://www.youtube.com/channel/UCv7YFWATebnJ1ty4cwMKgsQ,Wendy Williams Show
UCv7aXqMkqFCD78mL4dftA5w,http://www.youtube.com/channel/UCv7aXqMkqFCD78mL4dftA5w,Zeynep Kaman
UCvlVuntLjdURVD3b3Hx7kxw,http://www.youtube.com/channel/UCvlVuntLjdURVD3b3Hx7kxw,Dry Bar Comedy
UCvn-HVrAGYEKsVx6gW3MeNQ,http://www.youtube.com/channel/UCvn-HVrAGYEKsVx6gW3MeNQ,VH1
UCwlHDQ83jgF1crd6XXzSmIA,http://www.youtube.com/channel/UCwlHDQ83jgF1crd6XXzSmIA,girl in red
UCww2zZWg4Cf5xcRKG-ThmXQ,http://www.youtube.com/channel/UCww2zZWg4Cf5xcRKG-ThmXQ,Norman
UCxs6uebGml4ze5b-Esn0V4w,http://www.youtube.com/channel/UCxs6uebGml4ze5b-Esn0V4w,Phoebe Legere - Topic
UCyWqModMQlbIo8274Wh_ZsQ,http://www.youtube.com/channel/UCyWqModMQlbIo8274Wh_ZsQ,Cyprien
UCzYH8GFAMZbYTomj5FF5WMw,http://www.youtube.com/channel/UCzYH8GFAMZbYTomj5FF5WMw,DesBrours





